{"metadata":{"name":"Mapa Nuevo","version":1},"scenes":[{"filePath":"SalitaFinal.ksplat","name":"Salita DCC","scale":{"x":3.0000000000000018,"y":3.0000000000000018,"z":3.0000000000000018},"rotation":{"x":0.03490658503988659,"y":0,"z":0},"position":{"x":0,"y":0,"z":1},"sky":null,"artifacts":{"93342850-406a-4710-9710-5d8542b504bf":{"id":"93342850-406a-4710-9710-5d8542b504bf","name":"Gaming","content":"# Gaming\n\nAquí se puede jugar al gaming!","position":{"x":1.4062750715949468,"y":0.47403931725972925,"z":-1.3460540175545235},"radius":0.33333333333333326},"c5130932-f31f-438f-bd8a-56977c049967":{"id":"c5130932-f31f-438f-bd8a-56977c049967","name":"New Artifact","content":"# Refrigerador\n\nAquí puedes poner tus cosas. Pero, **no olvides sacarlos después!!**","position":{"x":-0.957639400965339,"y":0.4544410862300283,"z":-1.02502535518315},"radius":0.1833333333333333}}}]}