{"metadata":{"name":"Mapa Nuevo","version":1},"scenes":[{"filePath":"SalitaFinal.ksplat","name":"Salita DCC","scale":{"x":3.0000000000000018,"y":3.0000000000000018,"z":3.0000000000000018},"rotation":{"x":0.03490658503988659,"y":0,"z":0},"position":{"x":0,"y":0,"z":1},"sky":null,"artifacts":{"df567d84-2383-467b-8884-bf11223893fe":{"type":1,"id":"df567d84-2383-467b-8884-bf11223893fe","name":"Gaming","content":"# Gaming\n\nAquí se puede jugar gaming!","position":{"x":1.2753410765020465,"y":0.504532290635195,"z":-1.2606431459263898},"radius":0.2833333333333333}},"barriers":{"2f4b8a7f-ed8b-4a67-9a50-f269c54f8335":{"type":2,"id":"2f4b8a7f-ed8b-4a67-9a50-f269c54f8335","name":"TV and Drum","position":{"x":1.2801190372981384,"y":0,"z":-0.48977199955327383},"radius":0.16666666666666657}}}]}