{"metadata":{"name":"Mapa Nuevo","version":1},"scenes":[{"filePath":"SalitaFinal.ksplat","name":"Salita DCC","scale":{"x":3.0000000000000018,"y":3.0000000000000018,"z":3.0000000000000018},"rotation":{"x":0.03490658503988659,"y":0,"z":0},"position":{"x":0,"y":0,"z":1},"sky":null,"artifacts":{"df567d84-2383-467b-8884-bf11223893fe":{"type":1,"id":"df567d84-2383-467b-8884-bf11223893fe","name":"Gaming","content":"# Gaming\n\nAquí se puede jugar gaming!","position":{"x":1.2753410765020465,"y":0.504532290635195,"z":-1.2606431459263898},"radius":0.2833333333333333}},"barriers":{"2f4b8a7f-ed8b-4a67-9a50-f269c54f8335":{"type":2,"id":"2f4b8a7f-ed8b-4a67-9a50-f269c54f8335","name":"TV and Drum","position":{"x":1.2801190372981384,"y":0,"z":-0.48977199955327383},"radius":0.16666666666666657},"e05486a5-e677-49d0-a3b8-2a1580c33b63":{"type":3,"id":"e05486a5-e677-49d0-a3b8-2a1580c33b63","name":"Wall 1","startPosition":{"x":-0.6886494734008034,"y":0,"z":0.09294651148598017},"endPosition":{"x":-0.4338978011164022,"y":0,"z":-0.22468313323927305},"thickness":0.03333333333333331},"d5eac140-0d46-495d-9efd-e54d2b5efbe8":{"type":3,"id":"d5eac140-0d46-495d-9efd-e54d2b5efbe8","name":"Wall 2","startPosition":{"x":-0.4440013794105384,"y":0,"z":-0.2139734758244811},"endPosition":{"x":0.8232642131285272,"y":0,"z":-0.24745917128193679},"thickness":0.03333333333333331}}}]}