{"metadata":{"name":"DCC Norte","version":1},"scenes":[{"id":"780f2eb2-5e6b-4d40-b5b3-68d8a56356eb","filePath":"SalitaNew.ksplat","name":"Salita","scale":{"x":0.65,"y":0.65,"z":0.65},"rotation":{"x":3.1764992386296798,"y":5.759586531581287,"z":0},"position":{"x":0.6,"y":1.7,"z":-0.5},"sky":{"type":"hemi","primary":"#a6cce4","secondary":"#72907f"},"artifacts":{},"barriers":{"4439dc10-689a-401e-b581-d8b000494ed5":{"type":3,"id":"4439dc10-689a-401e-b581-d8b000494ed5","name":"Reference Wall","startPosition":{"x":-1.9021378159090947,"y":0,"z":-2.80591368790317},"endPosition":{"x":-1.9399355318415643,"y":0,"z":3.964491446725202},"thickness":0.1},"19802a04-e30b-4a2a-9b6d-cdd8b4cd07e5":{"type":3,"id":"19802a04-e30b-4a2a-9b6d-cdd8b4cd07e5","name":"Doorframe","startPosition":{"x":-1.8471196458585104,"y":0,"z":-3.749168013628987},"endPosition":{"x":-1.8471196458585104,"y":0,"z":-3.749168013628987},"thickness":0.1}},"portals":{"d91f143a-7b62-4d79-b8b0-b9da033cd0b2":{"type":4,"id":"d91f143a-7b62-4d79-b8b0-b9da033cd0b2","name":"Edge","startPosition":{"x":-2.0003955792612165,"y":0,"z":-2.7622564757121415},"endPosition":{"x":-1.9369291142567855,"y":0,"z":-3.7435671410061193},"thickness":0.1,"destination":"67f96115-105c-4a0b-b4cc-83af515abd4b"}}},{"id":"67f96115-105c-4a0b-b4cc-83af515abd4b","filePath":"Hallway.ksplat","name":"Hallway.ksplat","scale":{"x":1.5000000000000004,"y":1.5000000000000004,"z":1.5000000000000004},"rotation":{"x":0,"y":0.13962634015954636,"z":0.05235987755982989},"position":{"x":-0.20000000000000004,"y":-0.32000000000000006,"z":1.0999999999999999},"sky":{"type":"hemi","primary":"#84817a","secondary":"#4c251b"},"artifacts":{},"barriers":{},"portals":{"45a9d732-22b0-4cf1-baf6-2842169a313f":{"type":4,"id":"45a9d732-22b0-4cf1-baf6-2842169a313f","name":"Edge","startPosition":{"x":-0.7060635124004011,"y":0,"z":-5.410777463684747},"endPosition":{"x":-0.9717862349342165,"y":0,"z":-4.405239831344603},"thickness":0.1,"destination":"780f2eb2-5e6b-4d40-b5b3-68d8a56356eb"}}}]}