{"metadata":{"name":"Mapa Nuevo","version":1},"scenes":[{"filePath":"SalitaFinal.ksplat","name":"Salita DCC","scale":{"x":1.5000000000000004,"y":1.5000000000000004,"z":1.5000000000000004},"rotation":{"x":0.03490658503988659,"y":0,"z":0},"position":{"x":0,"y":1,"z":1},"sky":null,"artifacts":{"93342850-406a-4710-9710-5d8542b504bf":{"id":"93342850-406a-4710-9710-5d8542b504bf","name":"Gaming","content":"# Gaming\n\nAquí se puede jugar al gaming!","position":{"x":1.4062750715949468,"y":0.47403931725972925,"z":-1.3460540175545235},"radius":0.33333333333333326}}}]}