{"metadata":{"version":0,"name":"New Map"},"scenes":[{"name":"Khachkar 1","filePath":"Khachkar_2924.ply","scale":{"x":6.599999999999993,"y":6.599999999999993,"z":6.599999999999993},"rotation":{"x":3.07,"y":3.15,"z":0},"position":{"x":0,"y":2.700000000000001,"z":0}},{"name":"Khachkar 2","filePath":"Khachkar_2925.ply","scale":{"x":5.899999999999996,"y":5.899999999999996,"z":5.899999999999996},"rotation":{"x":3.23,"y":0,"z":0},"position":{"x":4.300000000000001,"y":2.800000000000001,"z":0}}]}